title,category_id,category,seasons,difficulty,tagline,nudge_text,mj_prompt
Ten-minute tidy together,5,Daily,{all},1,"Timer on, music up","Timer on, music up — you both said yes. Ten minutes tonight, then stop. ⏱️","four hands folding a throw blanket over a couch while a phone timer glows on the coffee table, cushions mid-air, bright morning apartment, overhead angle, no faces, muted warm cinematic palette, soft painterly photo-illustration, fine film grain --ar 3:4 --sw 500 --ow 50 --v 7"
Walk to get the morning bread,5,Daily,{all},1,"Warm loaf, cold air","Warm loaf, cold air — you agreed. Walk to the bakery together this weekend. 🥖","a couple seen from behind walking a quiet early street, one carrying a paper bakery bag with a baguette, low golden light, breath fogging, wide shot, muted warm cinematic palette, soft painterly photo-illustration, fine film grain --ar 3:4 --sw 500 --ow 50 --v 7"
Send a photo of something that reminded you of them,5,Daily,{all},1,"Seen, thought of you","Seen, thought of you — you said yes. Send one photo today, no caption needed. 📷","close-up of one hand holding a phone to photograph a single flower growing from a crack in a stone wall, warm street light, shallow focus, no faces, muted warm cinematic palette, soft painterly photo-illustration, fine film grain --ar 3:4 --sw 500 --ow 50 --v 7"
"One thing you're grateful for, at bedtime",5,Daily,{all},1,Last words of the day,"Last words of the day — you both wanted it. Tonight, one thing each before the light goes off. 🌙","a bedside table with a small lamp, two mugs and an open notebook, a rumpled duvet in soft lamplight, nobody in frame, quiet night mood, muted warm cinematic palette, soft painterly photo-illustration, fine film grain --ar 3:4 --sw 500 --ow 50 --v 7"
Make the bed together,5,Daily,{all},1,"Two sides, one minute","Two sides, one minute — you agreed. Tomorrow morning, both sides at once. 🛏️","four hands smoothing a white duvet from opposite sides of a bed, morning window light, pillows being fluffed, overhead angle, no faces, muted warm cinematic palette, soft painterly photo-illustration, fine film grain --ar 3:4 --sw 500 --ow 50 --v 7"
Water the plants together,5,Daily,{all},1,Small green things,Small green things — you said yes. Do the watering round together this week. 🪴,"two pairs of hands with a small watering can and a mister over windowsill plants, sun through the glass, water droplets catching light, close-up, no faces, muted warm cinematic palette, soft painterly photo-illustration, fine film grain --ar 3:4 --sw 500 --ow 50 --v 7"
Do the dishes as a team,5,Daily,{all},1,"Wash, dry, done","Wash, dry, done — you both said yes. One washes, one dries, tonight. 🧽","two people at a kitchen sink seen from behind, one washing one drying with a striped towel, evening window, soap bubbles, cozy domestic light, muted warm cinematic palette, soft painterly photo-illustration, fine film grain --ar 3:4 --sw 500 --ow 50 --v 7"
Pick tomorrow's outfit for each other,5,Daily,{all},1,"Their choice, your look","Their choice, your look — you agreed. Lay out each other's clothes tonight. 👕","hands laying out a folded shirt, jeans and shoes neatly on a bed, a second outfit beside it, morning light, top-down flat-lay, no faces, muted warm cinematic palette, soft painterly photo-illustration, fine film grain --ar 3:4 --sw 500 --ow 50 --v 7"
Ten-minute stretch before bed,5,Daily,{all},1,Loosen the day,Loosen the day — you both wanted it. Ten minutes on the rug tonight. 🧘,"two people stretching side by side on a rug in a dim living room, seen from behind, a single warm lamp, socks and soft clothes, calm evening, muted warm cinematic palette, soft painterly photo-illustration, fine film grain --ar 3:4 --sw 500 --ow 50 --v 7"
Plan the week's meals together,5,Daily,{all},1,"Sunday, sorted","Sunday, sorted — you said yes. Sit down with a notepad this Sunday. 📝","a kitchen table with an open notepad, two pens, two mugs of tea and a few cookbooks, one hand writing a list, soft daylight, overhead, no faces, muted warm cinematic palette, soft painterly photo-illustration, fine film grain --ar 3:4 --sw 500 --ow 50 --v 7"
Slow breakfast on the balcony,5,Daily,"{spring,summer,autumn}",1,Coffee with a view,Coffee with a view — you agreed. Take breakfast outside this weekend. ☕,"a small balcony table with two coffees, croissants and a folded newspaper, a couple seen from behind looking out over morning rooftops, soft haze, muted warm cinematic palette, soft painterly photo-illustration, fine film grain --ar 3:4 --sw 500 --ow 50 --v 7"
Cloud-watch in the park,2,Chill,"{spring,summer,autumn}",1,Name the shapes,Name the shapes — you both said yes. Lie down on the grass next sunny day. ☁️,"two people lying on a blanket in a park seen from directly above, arms behind heads, big soft clouds reflected in sunglasses, green grass, faces turned skyward and shaded, muted warm cinematic palette, soft painterly photo-illustration, fine film grain --ar 3:4 --sw 500 --ow 50 --v 7"
"Listen to a whole album, start to finish",2,Chill,{all},1,No skipping,No skipping — you agreed. Pick the album and press play tonight. 🎶,"a record spinning on a turntable, two people lying on the floor beside it seen from above, one pair of headphones shared, a lamp, album sleeves scattered, faces turned away, muted warm cinematic palette, soft painterly photo-illustration, fine film grain --ar 3:4 --sw 500 --ow 50 --v 7"
Sunday crossword together,2,Chill,{all},1,"Seven letters, two heads","Seven letters, two heads — you said yes. Print one and pour the coffee. ✏️","overhead of a newspaper crossword on a wooden table, two pencils, two coffee cups, two hands pointing at the same clue, soft morning light, no faces, muted warm cinematic palette, soft painterly photo-illustration, fine film grain --ar 3:4 --sw 500 --ow 50 --v 7"
Afternoon nap together,2,Chill,{all},1,Curtains half drawn,Curtains half drawn — you both wanted it. Claim one lazy afternoon this week. 😴,"a bed by a window with curtains half drawn, two people asleep under a light blanket seen from behind and above, warm afternoon stripes of light, faces buried in pillows, muted warm cinematic palette, soft painterly photo-illustration, fine film grain --ar 3:4 --sw 500 --ow 50 --v 7"
Order in and eat on the floor,2,Chill,{all},1,Picnic on the carpet,Picnic on the carpet — you agreed. Order in and skip the table one night. 🥡,"takeout boxes and chopsticks spread on a living-room rug, cushions, a laptop showing a paused film, two people cross-legged seen from behind, evening lamp light, muted warm cinematic palette, soft painterly photo-illustration, fine film grain --ar 3:4 --sw 500 --ow 50 --v 7"
People-watch from a café window,2,Chill,{all},1,Invent their stories,Invent their stories — you said yes. Take the window seat next time. 🥐,"a couple seen from behind at a café window table, two cups, blurred passers-by on a rainy street outside, warm interior light, reflections in the glass, muted warm cinematic palette, soft painterly photo-illustration, fine film grain --ar 3:4 --sw 500 --ow 50 --v 7"
Balcony evening under blankets,2,Chill,"{autumn,winter}",1,"Wrapped up, looking out","Wrapped up, looking out — you both said yes. Blankets and tea on the balcony this week. 🧣","two people wrapped in wool blankets on balcony chairs seen from behind, city lights below at dusk, steaming mugs, a string of small lights, muted warm cinematic palette, soft painterly photo-illustration, fine film grain --ar 3:4 --sw 500 --ow 50 --v 7"
"Card game, best of five",2,Chill,{all},1,"Shuffle, deal, bluff","Shuffle, deal, bluff — you agreed. Best of five tonight, loser makes tea. 🃏","overhead of a card game on a coffee table, two hands of cards held low, a scoring notepad, snacks, warm lamplight, no faces, muted warm cinematic palette, soft painterly photo-illustration, fine film grain --ar 3:4 --sw 500 --ow 50 --v 7"
Visit the library together,2,Chill,{all},1,Pick a book for each other,Pick a book for each other — you said yes. Library trip this weekend. 📚,"two people seen from behind in a tall library aisle, one reaching for a book, warm reading lamps, wooden shelves, quiet atmosphere, muted warm cinematic palette, soft painterly photo-illustration, fine film grain --ar 3:4 --sw 500 --ow 50 --v 7"
Sit by the water and talk,2,Chill,"{spring,summer,autumn}",1,Feet dangling,Feet dangling — you both wanted it. Find a pier or a riverbank this week. 🌊,"two people sitting on a wooden pier seen from behind, feet dangling over calm water, late afternoon light, shoes beside them, muted warm cinematic palette, soft painterly photo-illustration, fine film grain --ar 3:4 --sw 500 --ow 50 --v 7"
Write on the steamed mirror,6,Romance,{all},1,Steam reveals it,Steam reveals it — you said yes. Leave a message on the mirror after your next shower. 🪞,"a fogged bathroom mirror with 'I love you' written by a finger, one hand finishing the last letter, warm bathroom light, no faces, muted warm cinematic palette, soft painterly photo-illustration, fine film grain --ar 3:4 --sw 500 --ow 50 --v 7"
Recreate a photo from your first year,6,Romance,{all},2,"Same pose, new us","Same pose, new us — you both said yes. Find the photo and recreate it this weekend. 📸","a hand holding an old printed photo of a couple up against the same park bench in the background, matching the framing, soft afternoon light, faces in the photo tiny and unclear, muted warm cinematic palette, soft painterly photo-illustration, fine film grain --ar 3:4 --sw 500 --ow 50 --v 7"
Dinner at the fanciest place you can find,6,Romance,{all},4,Dress code: yes,Dress code: yes — you agreed. Book the table and dress up. 🥂,"a white-tablecloth restaurant table seen from behind two seated people in evening clothes, candle, two glasses of champagne, soft golden restaurant light, faces unseen, muted warm cinematic palette, soft painterly photo-illustration, fine film grain --ar 3:4 --sw 500 --ow 50 --v 7"
Sunset picnic with wine,6,Romance,"{spring,summer,autumn}",2,"Golden hour, one blanket","Golden hour, one blanket — you both wanted it. Pack the basket for the next clear evening. 🍷","a picnic blanket on a hill at golden hour, a bottle of wine, two glasses, a couple seen from behind leaning shoulder to shoulder watching the sunset, muted warm cinematic palette, soft painterly photo-illustration, fine film grain --ar 3:4 --sw 500 --ow 50 --v 7"
Kiss on a bridge at night,6,Romance,{all},1,City lights below,City lights below — you said yes. Walk to the bridge after dark this week. 🌉,"two silhouettes close together on a city bridge at night, river reflecting lights below, lamp posts, seen from the side at a distance, faces in shadow, muted warm cinematic palette, soft painterly photo-illustration, fine film grain --ar 3:4 --sw 500 --ow 50 --v 7"
Write the story of how you met,6,Romance,{all},2,"Two versions, one night","Two versions, one night — you agreed. Each write your version, then read them aloud. ✍️","overhead of two notebooks side by side on a table, two hands writing, two glasses of wine, a candle, warm evening light, no faces, muted warm cinematic palette, soft painterly photo-illustration, fine film grain --ar 3:4 --sw 500 --ow 50 --v 7"
A whole day in bed,6,Romance,{all},2,Nowhere to be,"Nowhere to be — you both said yes. Block a whole day, no plans. 🛌","a bed piled with pillows, books, a breakfast tray and a laptop, two pairs of feet under the duvet, soft daylight through curtains, overhead, no faces, muted warm cinematic palette, soft painterly photo-illustration, fine film grain --ar 3:4 --sw 500 --ow 50 --v 7"
Late-night drive for ice cream,6,Romance,{summer},1,Pajamas allowed,"Pajamas allowed — you agreed. Next warm night, drive out for ice cream. 🍦","the inside of a car at night seen from the back seat, two people in front with ice cream cones, neon of a drive-in glowing through the windshield, faces unseen, muted warm cinematic palette, soft painterly photo-illustration, fine film grain --ar 3:4 --sw 500 --ow 50 --v 7"
'Open when' letters,6,Romance,{all},2,Open when you miss me,Open when you miss me — you said yes. Write three sealed letters each this week. 💌,"a stack of sealed envelopes labelled 'open when' in handwriting, a fountain pen, wax seal and a mug, warm desk lamp, overhead, no faces, muted warm cinematic palette, soft painterly photo-illustration, fine film grain --ar 3:4 --sw 500 --ow 50 --v 7"
Dance under a streetlight,6,Romance,{all},1,No music needed,"No music needed — you both wanted it. Next late walk, stop under a lamp and dance. 💃","two silhouettes slow-dancing under a single streetlight on an empty street at night, light rain glistening on cobblestones, seen from a distance, muted warm cinematic palette, soft painterly photo-illustration, fine film grain --ar 3:4 --sw 500 --ow 50 --v 7"
Rake leaves and jump in the pile,7,Seasonal,{autumn},1,"Work first, then jump","Work first, then jump — you agreed. Next dry autumn day, rake and dive. 🍂","a big pile of golden leaves mid-explosion as two people jump in, seen from behind, a rake leaning on a tree, low autumn sun, playful, muted warm cinematic palette, soft painterly photo-illustration, fine film grain --ar 3:4 --sw 500 --ow 50 --v 7"
Mushroom foraging walk,7,Seasonal,{autumn},3,"Basket, boots, patience","Basket, boots, patience — you both said yes. Find a forest and a guide book this month. 🍄","two people crouched in a mossy autumn forest seen from behind, a wicker basket with mushrooms, mist between the trees, rubber boots, soft green light, muted warm cinematic palette, soft painterly photo-illustration, fine film grain --ar 3:4 --sw 500 --ow 50 --v 7"
First swim of the year,7,Seasonal,"{spring,summer}",2,"Cold, then brilliant","Cold, then brilliant — you agreed. First warm weekend, in you go. 🌊","two people running into a lake from a wooden jetty seen from behind, splashes, towels left on the planks, bright early-summer morning, muted warm cinematic palette, soft painterly photo-illustration, fine film grain --ar 3:4 --sw 500 --ow 50 --v 7"
Watch a meteor shower,7,Seasonal,{summer},2,"Blanket, count, wish","Blanket, count, wish — you both wanted it. Check the August dates and drive out of the city. ☄️","two people lying on a car hood under a vast starry sky with a streak of meteor, seen from behind and above, dark countryside, warm blanket, muted warm cinematic palette, soft painterly photo-illustration, fine film grain --ar 3:4 --sw 500 --ow 50 --v 7"
Make jam from summer fruit,7,Seasonal,{summer},2,"Sticky hands, sweet jars","Sticky hands, sweet jars — you said yes. Buy a crate of berries this week. 🍓","a kitchen counter with a big pot of bubbling strawberry jam, jars being filled by two pairs of hands, berries in a crate, sunlit window, close-up, no faces, muted warm cinematic palette, soft painterly photo-illustration, fine film grain --ar 3:4 --sw 500 --ow 50 --v 7"
Advent calendar you make for each other,7,Seasonal,{winter},2,24 tiny surprises,"24 tiny surprises — you both said yes. Start in November, one gift a day in December. 🎁","a homemade advent calendar of small numbered paper bags hung on a string across a wall, hands pinning the last one, fairy lights, cozy evening, no faces, muted warm cinematic palette, soft painterly photo-illustration, fine film grain --ar 3:4 --sw 500 --ow 50 --v 7"
Plant bulbs for spring,7,Seasonal,{autumn},1,"Plant now, bloom later","Plant now, bloom later — you agreed. Buy tulip bulbs and plant them this weekend. 🌷","two pairs of gloved hands pressing tulip bulbs into dark soil in a garden bed, a trowel and a paper bag of bulbs, autumn light, close-up, no faces, muted warm cinematic palette, soft painterly photo-illustration, fine film grain --ar 3:4 --sw 500 --ow 50 --v 7"
Sunflower field afternoon,7,Seasonal,{summer},2,Taller than you,Taller than you — you said yes. Find a field nearby and go one afternoon. 🌻,"a couple seen from behind walking hand in hand between rows of tall sunflowers, bright summer sky, straw hats, wide shot, muted warm cinematic palette, soft painterly photo-illustration, fine film grain --ar 3:4 --sw 500 --ow 50 --v 7"
Snowball fight,7,Seasonal,{winter},1,Truce at dusk,"Truce at dusk — you both wanted it. First proper snow, gloves on. ❄️","two people mid snowball fight in a snowy park seen from behind, snow flying, bright coats, low winter sun, playful motion, muted warm cinematic palette, soft painterly photo-illustration, fine film grain --ar 3:4 --sw 500 --ow 50 --v 7"
Ice cream on the first warm day,7,Seasonal,{spring},1,"Coats open, cones out","Coats open, cones out — you agreed. First day above fifteen degrees, ice cream. 🍨","two people on a bench with ice cream cones seen from behind, coats unzipped, bare trees just budding, bright spring light, muted warm cinematic palette, soft painterly photo-illustration, fine film grain --ar 3:4 --sw 500 --ow 50 --v 7"
Cook with only what's in the fridge,8,Food,{all},2,"No shopping, all in","No shopping, all in — you said yes. Open the fridge tonight and improvise. 🥬","an open fridge with a few odd ingredients on the counter in front, two pairs of hands sorting them, kitchen light, overhead, no faces, muted warm cinematic palette, soft painterly photo-illustration, fine film grain --ar 3:4 --sw 500 --ow 50 --v 7"
Breakfast for dinner,8,Food,{all},1,Pancakes at 8pm,Pancakes at 8pm — you both said yes. Pancakes and eggs one weeknight. 🥞,"a dinner table at night with a stack of pancakes, bacon, orange juice and a candle, two hands pouring syrup, warm evening light, overhead, no faces, muted warm cinematic palette, soft painterly photo-illustration, fine film grain --ar 3:4 --sw 500 --ow 50 --v 7"
Dumplings from scratch,8,Food,{all},3,"Fold, pinch, repeat","Fold, pinch, repeat — you agreed. Find a recipe and make a tray this weekend. 🥟","close-up of four floury hands folding dumplings on a wooden board, a tray of finished ones, a bowl of filling, warm kitchen light, no faces, muted warm cinematic palette, soft painterly photo-illustration, fine film grain --ar 3:4 --sw 500 --ow 50 --v 7"
Street food night out,8,Food,{all},2,"One stall each, share","One stall each, share — you both wanted it. Find a night market this month. 🍢","a couple seen from behind at a lively night food market, string lights, steam rising from a stall, paper plates in hand, warm colours, muted warm cinematic palette, soft painterly photo-illustration, fine film grain --ar 3:4 --sw 500 --ow 50 --v 7"
Afternoon on the slopes,9,Sporty,{winter},4,"One lift, many laps","One lift, many laps — you said yes. Book a day pass for the nearest slope. ⛷️","two skiers seen from behind on a chairlift above a snowy slope, skis dangling, bright winter sun, mountains ahead, goggles up, muted warm cinematic palette, soft painterly photo-illustration, fine film grain --ar 3:4 --sw 500 --ow 50 --v 7"
Frisbee in the park,9,Sporty,"{spring,summer,autumn}",1,"Throw, run, miss, laugh","Throw, run, miss, laugh — you agreed. Grab a frisbee next sunny afternoon. 🥏","a frisbee mid-flight between two people on a wide green lawn, seen from the side at a distance, late afternoon sun, one person leaping, muted warm cinematic palette, soft painterly photo-illustration, fine film grain --ar 3:4 --sw 500 --ow 50 --v 7"
Climb the tallest stairs in town,9,Sporty,{all},2,Count the steps,Count the steps — you both said yes. Find the tower or the hill stairs and go up. 🪩,"two people climbing a long outdoor stone staircase seen from behind, city rooftops opening up below, morning light, wide shot, muted warm cinematic palette, soft painterly photo-illustration, fine film grain --ar 3:4 --sw 500 --ow 50 --v 7"
Night walk with headlamps,1,Adventures,"{autumn,winter}",2,"Same path, new dark","Same path, new dark — you agreed. Headlamps on, forest path after dark this week. 🔦","two headlamp beams cutting through a dark forest path, two figures seen from behind, mist in the light, deep blue night, muted warm cinematic palette, soft painterly photo-illustration, fine film grain --ar 3:4 --sw 500 --ow 50 --v 7"
Build a birdhouse together,3,Creative,{spring},2,"Hammer, paint, hang","Hammer, paint, hang — you said yes. Buy a kit and build it one weekend. 🐦","four hands painting a small wooden birdhouse on a workbench, paint pots, a hammer and nails, garden light through a shed window, close-up, no faces, muted warm cinematic palette, soft painterly photo-illustration, fine film grain --ar 3:4 --sw 500 --ow 50 --v 7"
